{"cameraMode":{"drawMode":0,"name":"Shaded","section":"Shading Mode"},"sceneLighting":false,"audioPlay":false,"sceneViewState":{"m_AlwaysRefresh":false,"showFog":true,"showSkybox":false,"showFlares":true,"showImageEffects":true,"showParticleSystems":true,"showVisualEffectGraphs":true,"m_FxEnabled":true},"in2DMode":false,"pivot":{"x":-2.3236875534057619,"y":1.0005213022232056,"z":-1.2361421585083008},"rotation":{"x":-0.07170789688825607,"y":0.9217709302902222,"z":-0.32037222385406496,"w":-0.20632389187812806},"size":1.9499149322509766,"orthographic":false}